[
  {
    "id": 10178221,
    "caseNumber": "HY366678",
    "eventDate": "08/02/15 23:58",
    "block": "042XX W MADISON ST",
    "iucr": 1811,
    "primaryType": "NARCOTICS",
    "description": "POSS: CANNABIS 30GMS OR LESS",
    "location": "SIDEWALK",
    "arrest": "TRUE",
    "domestic": "FALSE",
    "lat": 41.88076873,
    "lon": -87.73136165
  },
  {
    "id": 10178234,
    "caseNumber": "HY366669",
    "eventDate": "08/02/15 23:55",
    "block": "035XX W VAN BUREN ST",
    "iucr": 486,
    "primaryType": "BATTERY",
    "description": "DOMESTIC BATTERY SIMPLE",
    "location": "SIDEWALK",
    "arrest": "TRUE",
    "domestic": "TRUE",
    "lat": 41.87530121,
    "lon": -87.71414439
  },
  {
    "id": 10181024,
    "caseNumber": "HY367638",
    "eventDate": "08/02/15 23:47",
    "block": "069XX S WINCHESTER AVE",
    "iucr": 2826,
    "primaryType": "OTHER OFFENSE",
    "description": "HARASSMENT BY ELECTRONIC MEANS",
    "location": "OTHER",
    "arrest": "FALSE",
    "domestic": "FALSE",
    "lat": 41.76792578,
    "lon": -87.67225279
  },
  {
    "id": 10178323,
    "caseNumber": "HY366697",
    "eventDate": "08/02/15 23:45",
    "block": "045XX S SAWYER AVE",
    "iucr": 486,
    "primaryType": "BATTERY",
    "description": "DOMESTIC BATTERY SIMPLE",
    "location": "RESIDENCE",
    "arrest": "FALSE",
    "domestic": "TRUE",
    "lat": 41.81151147,
    "lon": -87.70517785
  },
  {
    "id": 10178252,
    "caseNumber": "HY366660",
    "eventDate": "08/02/15 23:45",
    "block": "041XX W GRENSHAW ST",
    "iucr": 1310,
    "primaryType": "CRIMINAL DAMAGE",
    "description": "TO PROPERTY",
    "location": "APARTMENT",
    "arrest": "FALSE",
    "domestic": "TRUE",
    "lat": 41.86713278,
    "lon": -87.72931615
  },
  {
    "id": 10178286,
    "caseNumber": "HY366712",
    "eventDate": "08/02/15 23:45",
    "block": "043XX N KENMORE AVE",
    "iucr": 486,
    "primaryType": "BATTERY",
    "description": "DOMESTIC BATTERY SIMPLE",
    "location": "APARTMENT",
    "arrest": "TRUE",
    "domestic": "TRUE",
    "lat": 41.9615215,
    "lon": -87.65618446
  },
  {
    "id": 10178357,
    "caseNumber": "HY366662",
    "eventDate": "08/02/15 23:41",
    "block": "025XX W LAWRENCE AVE",
    "iucr": 486,
    "primaryType": "BATTERY",
    "description": "DOMESTIC BATTERY SIMPLE",
    "location": "SIDEWALK",
    "arrest": "FALSE",
    "domestic": "TRUE",
    "lat": 41.96870273,
    "lon": -87.69147181
  },
  {
    "id": 10178260,
    "caseNumber": "HY366716",
    "eventDate": "08/02/15 23:38",
    "block": "065XX S SEELEY AVE",
    "iucr": 1340,
    "primaryType": "CRIMINAL DAMAGE",
    "description": "TO STATE SUP PROP",
    "location": "SCHOOL, PUBLIC, BUILDING",
    "arrest": "FALSE",
    "domestic": "FALSE",
    "lat": 41.77425422,
    "lon": -87.67513531
  },
  {
    "id": 10178233,
    "caseNumber": "HY366661",
    "eventDate": "08/02/15 23:32",
    "block": "064XX S LOWE AVE",
    "iucr": 497,
    "primaryType": "BATTERY",
    "description": "AGGRAVATED DOMESTIC BATTERY: OTHER DANG WEAPON",
    "location": "APARTMENT",
    "arrest": "TRUE",
    "domestic": "TRUE",
    "lat": 41.77720468,
    "lon": -87.64065374
  },
  {
    "id": 10178943,
    "caseNumber": "HY366951",
    "eventDate": "08/02/15 23:30",
    "block": "062XX W ROSCOE ST",
    "iucr": 910,
    "primaryType": "MOTOR VEHICLE THEFT",
    "description": "AUTOMOBILE",
    "location": "STREET",
    "arrest": "FALSE",
    "domestic": "FALSE",
    "lat": 41.94216025,
    "lon": -87.78166666
  },
  {
    "id": 10179727,
    "caseNumber": "HY367927",
    "eventDate": "08/02/15 23:30",
    "block": "012XX W GRAND AVE",
    "iucr": 497,
    "primaryType": "BATTERY",
    "description": "AGGRAVATED DOMESTIC BATTERY: OTHER DANG WEAPON",
    "location": "APARTMENT",
    "arrest": "FALSE",
    "domestic": "TRUE",
    "lat": 41.89117935,
    "lon": -87.65860268
  },
  {
    "id": 10178262,
    "caseNumber": "HY366663",
    "eventDate": "08/02/15 23:28",
    "block": "047XX S DAMEN AVE",
    "iucr": 1811,
    "primaryType": "NARCOTICS",
    "description": "POSS: CANNABIS 30GMS OR LESS",
    "location": "GAS STATION",
    "arrest": "TRUE",
    "domestic": "FALSE",
    "lat": 41.80832553,
    "lon": -87.67482701
  },
  {
    "id": 10178278,
    "caseNumber": "HY366671",
    "eventDate": "08/02/15 23:20",
    "block": "005XX W ROOSEVELT RD",
    "iucr": 560,
    "primaryType": "ASSAULT",
    "description": "SIMPLE",
    "location": "CONVENIENCE STORE",
    "arrest": "FALSE",
    "domestic": "FALSE",
    "lat": 41.86714315,
    "lon": -87.63936798
  },
  {
    "id": 10178335,
    "caseNumber": "HY366719",
    "eventDate": "08/02/15 23:19",
    "block": "034XX S LAWNDALE AVE",
    "iucr": "143A",
    "primaryType": "WEAPONS VIOLATION",
    "description": "UNLAWFUL POSS OF HANDGUN",
    "location": "STREET",
    "arrest": "TRUE",
    "domestic": "FALSE",
    "lat": 41.82991123,
    "lon": -87.71671383
  },
  {
    "id": 10178241,
    "caseNumber": "HY366644",
    "eventDate": "08/02/15 23:17",
    "block": "0000X W 79TH ST",
    "iucr": 1310,
    "primaryType": "CRIMINAL DAMAGE",
    "description": "TO PROPERTY",
    "location": "RESTAURANT",
    "arrest": "FALSE",
    "domestic": "FALSE",
    "lat": 41.75081548,
    "lon": -87.62667814
  },
  {
    "id": 10179681,
    "caseNumber": "HY367958",
    "eventDate": "08/02/15 23:15",
    "block": "125XX S WENTWORTH AVE",
    "iucr": 1121,
    "primaryType": "DECEPTIVE PRACTICE",
    "description": "COUNTERFEITING DOCUMENT",
    "location": "SIDEWALK",
    "arrest": "FALSE",
    "domestic": "FALSE",
    "lat": 41.66603296,
    "lon": -87.62722538
  },
  {
    "id": 10178299,
    "caseNumber": "HY366676",
    "eventDate": "08/02/15 23:13",
    "block": "077XX S AVALON AVE",
    "iucr": 1310,
    "primaryType": "CRIMINAL DAMAGE",
    "description": "TO PROPERTY",
    "location": "RESIDENCE",
    "arrest": "FALSE",
    "domestic": "FALSE",
    "lat": 41.754208,
    "lon": -87.59448509
  },
  {
    "id": 10178224,
    "caseNumber": "HY366674",
    "eventDate": "08/02/15 23:13",
    "block": "077XX S AVALON AVE",
    "iucr": 610,
    "primaryType": "BURGLARY",
    "description": "FORCIBLE ENTRY",
    "location": "APARTMENT",
    "arrest": "FALSE",
    "domestic": "FALSE",
    "lat": 41.754208,
    "lon": -87.59448509
  }
]