[
  {
    "_id": "Complaints-Dashboard",
    "_type": "dashboard",
    "_source": {
      "title": "Complaints Dashboard",
      "hits": 0,
      "description": "",
      "panelsJSON": "[\n  {\n    \"col\": 7,\n    \"id\": \"State-wise-issues-over-the-time\",\n    \"row\": 1,\n    \"size_x\": 6,\n    \"size_y\": 3,\n    \"type\": \"visualization\"\n  },\n  {\n    \"col\": 9,\n    \"id\": \"State-wise-product-wise-issues\",\n    \"row\": 4,\n    \"size_x\": 4,\n    \"size_y\": 4,\n    \"type\": \"visualization\"\n  },\n  {\n    \"col\": 1,\n    \"id\": \"Company-wise-issues\",\n    \"row\": 4,\n    \"size_x\": 8,\n    \"size_y\": 4,\n    \"type\": \"visualization\"\n  },\n  {\n    \"col\": 1,\n    \"id\": \"State-wise-company-wise-issues\",\n    \"row\": 8,\n    \"size_x\": 12,\n    \"size_y\": 3,\n    \"type\": \"visualization\"\n  },\n  {\n    \"col\": 1,\n    \"id\": \"Product-wise-issues-over-the-time\",\n    \"row\": 1,\n    \"size_x\": 6,\n    \"size_y\": 3,\n    \"type\": \"visualization\"\n  },\n  {\n    \"id\": \"Geography-wise-issues\",\n    \"type\": \"visualization\",\n    \"size_x\": 12,\n    \"size_y\": 5,\n    \"col\": 1,\n    \"row\": 11\n  }\n]",
      "version": 1,
      "timeRestore": true,
      "timeTo": "now",
      "timeFrom": "now-5y",
      "kibanaSavedObjectMeta": {
        "searchSourceJSON": "{\n  \"filter\": [\n    {\n      \"query\": {\n        \"query_string\": {\n          \"analyze_wildcard\": true,\n          \"query\": \"*\"\n        }\n      }\n    }\n  ]\n}"
      }
    }
  },
  {
    "_id": "State-wise-issues-over-the-time",
    "_type": "visualization",
    "_source": {
      "title": "State-wise issues over the time",
      "visState": "{\"type\":\"area\",\"params\":{\"addLegend\":true,\"addTooltip\":true,\"defaultYExtents\":false,\"mode\":\"stacked\",\"shareYAxis\":true,\"smoothLines\":false,\"scale\":\"linear\",\"interpolate\":\"linear\",\"times\":[],\"addTimeMarker\":false,\"setYExtents\":false,\"yAxis\":{}},\"aggs\":[{\"id\":\"1\",\"type\":\"count\",\"schema\":\"metric\",\"params\":{}},{\"id\":\"2\",\"type\":\"date_histogram\",\"schema\":\"segment\",\"params\":{\"field\":\"dateSent\",\"interval\":\"M\",\"customInterval\":\"2h\",\"min_doc_count\":1,\"extended_bounds\":{}}},{\"id\":\"3\",\"type\":\"terms\",\"schema\":\"group\",\"params\":{\"field\":\"state\",\"size\":5,\"order\":\"desc\",\"orderBy\":\"1\"}}],\"listeners\":{}}",
      "description": "",
      "version": 1,
      "kibanaSavedObjectMeta": {
        "searchSourceJSON": "{\"index\":\"esh_complaints\",\"query\":{\"query_string\":{\"analyze_wildcard\":true,\"query\":\"*\"}},\"filter\":[]}"
      }
    }
  },
  {
    "_id": "Company-wise-issues",
    "_type": "visualization",
    "_source": {
      "title": "Company-wise issues",
      "visState": "{\"type\":\"histogram\",\"params\":{\"shareYAxis\":true,\"addTooltip\":true,\"addLegend\":true,\"mode\":\"stacked\",\"defaultYExtents\":false,\"scale\":\"linear\",\"times\":[],\"addTimeMarker\":false,\"setYExtents\":false,\"yAxis\":{}},\"aggs\":[{\"id\":\"1\",\"type\":\"count\",\"schema\":\"metric\",\"params\":{}},{\"id\":\"2\",\"type\":\"terms\",\"schema\":\"segment\",\"params\":{\"field\":\"company\",\"size\":5,\"order\":\"desc\",\"orderBy\":\"1\"}},{\"id\":\"3\",\"type\":\"terms\",\"schema\":\"group\",\"params\":{\"field\":\"issue.raw\",\"size\":5,\"order\":\"desc\",\"orderBy\":\"1\"}}],\"listeners\":{}}",
      "description": "",
      "version": 1,
      "kibanaSavedObjectMeta": {
        "searchSourceJSON": "{\"index\":\"esh_complaints\",\"query\":{\"query_string\":{\"query\":\"*\",\"analyze_wildcard\":true}},\"filter\":[]}"
      }
    }
  },
  {
    "_id": "State-wise-company-wise-issues",
    "_type": "visualization",
    "_source": {
      "title": "State-wise company-wise issues",
      "visState": "{\"type\":\"pie\",\"params\":{\"shareYAxis\":true,\"addTooltip\":true,\"addLegend\":true,\"isDonut\":false,\"defaultYExtents\":false},\"aggs\":[{\"id\":\"1\",\"type\":\"count\",\"schema\":\"metric\",\"params\":{}},{\"id\":\"3\",\"type\":\"terms\",\"schema\":\"split\",\"params\":{\"field\":\"state\",\"size\":8,\"order\":\"desc\",\"orderBy\":\"1\",\"row\":false}},{\"id\":\"2\",\"type\":\"terms\",\"schema\":\"segment\",\"params\":{\"field\":\"company\",\"size\":5,\"order\":\"desc\",\"orderBy\":\"1\"}}],\"listeners\":{}}",
      "description": "",
      "version": 1,
      "kibanaSavedObjectMeta": {
        "searchSourceJSON": "{\"index\":\"esh_complaints\",\"query\":{\"query_string\":{\"query\":\"*\",\"analyze_wildcard\":true}},\"filter\":[]}"
      }
    }
  },
  {
    "_id": "State-wise-product-wise-issues",
    "_type": "visualization",
    "_source": {
      "title": "State-wise product-wise issues",
      "visState": "{\"type\":\"pie\",\"params\":{\"shareYAxis\":true,\"addTooltip\":true,\"addLegend\":true,\"isDonut\":true},\"aggs\":[{\"id\":\"1\",\"type\":\"count\",\"schema\":\"metric\",\"params\":{}},{\"id\":\"3\",\"type\":\"terms\",\"schema\":\"segment\",\"params\":{\"field\":\"state\",\"size\":5,\"order\":\"desc\",\"orderBy\":\"1\"}},{\"id\":\"2\",\"type\":\"terms\",\"schema\":\"segment\",\"params\":{\"field\":\"product\",\"size\":5,\"order\":\"desc\",\"orderBy\":\"1\"}}],\"listeners\":{}}",
      "description": "",
      "version": 1,
      "kibanaSavedObjectMeta": {
        "searchSourceJSON": "{\"index\":\"esh_complaints\",\"query\":{\"query_string\":{\"query\":\"*\",\"analyze_wildcard\":true}},\"filter\":[]}"
      }
    }
  },
  {
    "_id": "Geography-wise-issues",
    "_type": "visualization",
    "_source": {
      "title": "Geography-wise issues",
      "visState": "{\"type\":\"tile_map\",\"params\":{\"mapType\":\"Shaded Circle Markers\",\"isDesaturated\":false,\"heatMaxZoom\":16,\"heatMinOpacity\":\"0.31\",\"heatRadius\":\"12\",\"heatBlur\":\"11\",\"heatNormalizeData\":true,\"addTooltip\":true},\"aggs\":[{\"id\":\"1\",\"type\":\"count\",\"schema\":\"metric\",\"params\":{}},{\"id\":\"2\",\"type\":\"geohash_grid\",\"schema\":\"segment\",\"params\":{\"field\":\"location\",\"autoPrecision\":true,\"mapZoom\":3,\"mapCenter\":[38.69910391920755,-61.52343749999999],\"precision\":2}}],\"listeners\":{}}",
      "description": "",
      "version": 1,
      "kibanaSavedObjectMeta": {
        "searchSourceJSON": "{\"index\":\"esh_complaints\",\"query\":{\"query_string\":{\"analyze_wildcard\":true,\"query\":\"*\"}},\"filter\":[]}"
      }
    }
  },
  {
    "_id": "Company-pie",
    "_type": "visualization",
    "_source": {
      "title": "Company pie",
      "visState": "{\"type\":\"pie\",\"params\":{\"addLegend\":true,\"addTooltip\":true,\"isDonut\":false,\"shareYAxis\":true,\"spyPerPage\":10},\"aggs\":[{\"id\":\"1\",\"type\":\"count\",\"schema\":\"metric\",\"params\":{}},{\"id\":\"2\",\"type\":\"terms\",\"schema\":\"segment\",\"params\":{\"field\":\"company\",\"size\":5,\"order\":\"desc\",\"orderBy\":\"1\"}}],\"listeners\":{}}",
      "description": "",
      "version": 1,
      "kibanaSavedObjectMeta": {
        "searchSourceJSON": "{\"index\":\"esh_complaints\",\"query\":{\"query_string\":{\"query\":\"*\",\"analyze_wildcard\":true}},\"filter\":[]}"
      }
    }
  },
  {
    "_id": "Product-wise-issues-over-the-time",
    "_type": "visualization",
    "_source": {
      "title": "Product-wise issues over the time",
      "visState": "{\"type\":\"histogram\",\"params\":{\"shareYAxis\":true,\"addTooltip\":true,\"addLegend\":true,\"mode\":\"stacked\",\"defaultYExtents\":false,\"scale\":\"linear\",\"times\":[],\"addTimeMarker\":false,\"setYExtents\":false,\"yAxis\":{}},\"aggs\":[{\"id\":\"1\",\"type\":\"count\",\"schema\":\"metric\",\"params\":{}},{\"id\":\"2\",\"type\":\"date_histogram\",\"schema\":\"segment\",\"params\":{\"field\":\"dateSent\",\"interval\":\"M\",\"customInterval\":\"2h\",\"min_doc_count\":1,\"extended_bounds\":{}}},{\"id\":\"3\",\"type\":\"terms\",\"schema\":\"group\",\"params\":{\"field\":\"product\",\"size\":3,\"order\":\"desc\",\"orderBy\":\"1\"}}],\"listeners\":{}}",
      "description": "",
      "version": 1,
      "kibanaSavedObjectMeta": {
        "searchSourceJSON": "{\"index\":\"esh_complaints\",\"query\":{\"query_string\":{\"query\":\"*\",\"analyze_wildcard\":true}},\"filter\":[]}"
      }
    }
  }
]